"A. Richard Miranda, MD",https://www.doximity.com/cv/a-richard-miranda-md-1
"Aaron Provenzano, MD",https://www.doximity.com/cv/aaron-provenzano-do-5cba51ca
"Adriana Kaczaraj Malone, MD",https://www.doximity.com/cv/adriana-kaczaraj-malone-md
"Ahmed Tarig Ahmed, MD",https://www.doximity.com/cv/ahmedt-2
"Alexi Wright, MD",https://www.doximity.com/cv/alexi-wright-md-1
"Alison Chang, MD",https://www.doximity.com/cv/alison-g-chang
"Allen Joo, MD",https://www.doximity.com/cv/allen-joo-md-1
"Allison Magnuson, MD",https://www.doximity.com/cv/allison-shifflet-do-2
"Amer Khouri, MD",https://www.doximity.com/cv/amer-khouri-md-slash-1
"Amer Rassam, MD",https://www.doximity.com/cv/amer-rassam-md-1
"Amr Hassan, MD",https://www.doximity.com/cv/amr-hassan-md-slash-1
"Amy Mackenzie, MD",https://www.doximity.com/cv/amy-mackenzie-md-2
"Amy Johnson, MD",https://www.doximity.com/cv/amyjohnsonmd
"Anastas Provatas, MD",https://www.doximity.com/cv/anastas-provatas-md-1
"Andrew Hantel, MD",https://www.doximity.com/cv/andrew-hantel
"Andrew Marple, MD",https://www.doximity.com/cv/andrew-marple-md-phd
"Ann LaCasce, MD",https://www.doximity.com/cv/ann-lacasce-md-slash-2
"Anthony Nguyen, MD",https://www.doximity.com/cv/anthonynguyenmd
"Apurva Shah, MD",https://www.doximity.com/cv/apurva-shah-md-slash-2
"Arati V. Rao, MD",https://www.doximity.com/cv/arati-v-rao-md
"Ariel Lopez Chavez, MD",https://www.doximity.com/cv/ariel-lopez-chavez-md-2
"Arisha Patel, MD",https://www.doximity.com/cv/arishapatel
"Arnab Ghosh, MD",https://www.doximity.com/cv/arnabghosh
"Ashish Dwary, MD",https://www.doximity.com/cv/ashish-dwary-md-1
"Ashkan Emadi, MD",https://www.doximity.com/cv/ashkan-emadi-md-1
"Ashok Kumar, MD",https://www.doximity.com/cv/ashok-kumar-md-9f82
"Asit Jha, MD",https://www.doximity.com/cv/asit-jha-md-1
"Atman Shah, MD",https://www.doximity.com/cv/atman-shah-md-slash-1
"Atrayee Basu Mallick, MD",https://www.doximity.com/cv/atrayee-basu-mallick-md-slash-1
"Badi El Osta, MD",https://www.doximity.com/cv/badi-el-osta-md-slash-1
"Bei Hu, MD",https://www.doximity.com/cv/bei-hu-md-1
"Benjamin Jacobs, MD",https://www.doximity.com/cv/benjamin-jacobs-md-slash-4
"Benjamin Kuritzky, MD",https://www.doximity.com/cv/benjamin-kurtizky-md-slash-1
"Binu Nair, MD",https://www.doximity.com/cv/binu-nair-md-1
"Bishoy Faltas, MD",https://www.doximity.com/cv/bishoy-faltas-md-slash-1
"Bo Zhao, MD",https://www.doximity.com/cv/bo-zhao-md
"Boone Goodgame, MD",https://www.doximity.com/cv/boone-goodgame-md-1
"Boris Bagdasarian, MD",https://www.doximity.com/cv/boris-bagdasarian-do-slash-1
"Brent Hanks, MD",https://www.doximity.com/cv/brent-hanks-md-1
"Brian Bolwell, MD",https://www.doximity.com/cv/brian-bolwell-md-1
"Brian Rini, MD",https://www.doximity.com/cv/brian-rini-md-1
"Carlos Arce-Lara, MD",https://www.doximity.com/cv/carlos-arce-lara-md-1
"Carlton Scharman, MD",https://www.doximity.com/cv/carlton-scharman
"Christopher Fletcher, MD",https://www.doximity.com/cv/cdfletcher
"Celesteann Bremer, MD",https://www.doximity.com/cv/celesteann-bremer-md-2
"Charles Weaver, MD",https://www.doximity.com/cv/charles-weaver-md-slash-2
"Charles Wendling, MD",https://www.doximity.com/cv/charles-wendling-md-1
"Christi Kim, MD",https://www.doximity.com/cv/christi-kim
"Christine Alewine, MD",https://www.doximity.com/cv/christine-alewine-md-slash-1
"Christine Chung, MD",https://www.doximity.com/cv/christine-chung-md-slash-2
